near_dup_group,group_size,docform_cluster
g000419,90,c0004_r0003
g000345,68,c0004_r0003
g000044,17,c0004_r0003
g001082,17,c0004_r0003
g001668,16,c0004_r0004
g000113,16,c0004_r0003
g000115,16,c0003_r0000
g000465,16,c0004_r0004
g001016,16,c0004_r0004
g000299,16,c0001_r0000
g000864,11,c0004_r0003
g000116,9,c0004_r0003
g000120,8,c0004_r0003
g000372,7,c0004_r0003
g000126,4,c0004_r0003
g000141,4,c0004_r0003
g000343,4,nan
g000103,4,c0004_r0003
g000339,3,c0004_r0003
g000142,3,c0001_r0000
g001270,3,c0000_r0000
g000194,3,c0004_r0003
g000040,3,c0004_r0004
g000467,3,c0004_r0003
g000919,2,c0004_r0003
g000065,2,c0004_r0003
g000425,2,c0004_r0003
g000079,2,c0004_r0003
g000083,2,c0004_r0003
g000062,2,c0004_r0004
g000059,2,c0001_r0000
g000238,2,c0004_r0003
g000408,2,c0004_r0004
g000094,2,c0004_r0003
g000073,2,c0004_r0003
g000054,2,c0004_r0000
g000269,2,c0004_r0003
g000033,2,c0004_r0004
g001801,1,c0004_r0002
g001850,1,c0004_r0002
g001849,1,c0002_r0000
g001799,1,c0001_r0000
g001848,1,c0002_r0000
g001800,1,c0004_r0002
g001847,1,c0004_r0003
g001802,1,c0004_r0004
g001797,1,c0004_r0000
g001803,1,c0003_r0003
g001846,1,c0004_r0004
g001804,1,c0001_r0000
g001805,1,c0003_r0000
g001806,1,c0004_r0001
g001845,1,noise
g001798,1,c0003_r0005
g001796,1,c0007_r0001
g001844,1,c0002_r0000
g001791,1,c0004_r0004
g001787,1,c0003_r0006
g001788,1,c0004_r0001
g001789,1,c0004_r0001
g001856,1,c0004_r0002
g001790,1,c0004_r0001
g001855,1,c0004_r0001
g001854,1,c0004_r0003
g001795,1,c0000_r0000
g001853,1,c0004_r0004
g001792,1,c0004_r0001
g001793,1,c0004_r0004
g001794,1,c0003_r0006
g001852,1,c0003_r0000
g001851,1,c0004_r0002
g001807,1,c0001_r0000
g001829,1,c0004_r0000
g001828,1,noise
g001822,1,c0000_r0000
g001817,1,c0004_r0004
g001832,1,c0006_r0001
g001818,1,c0003_r0002
g001819,1,c0003_r0001
g001820,1,c0004_r0000
g001821,1,c0004_r0000
g001823,1,c0004_r0004
g001833,1,c0006_r0001
g001824,1,c0004_r0000
g001825,1,c0004_r0000
g001826,1,c0004_r0000
g001831,1,c0004_r0003
g001830,1,c0004_r0000
g001827,1,c0004_r0000
g001816,1,c0001_r0000
g001815,1,c0003_r0006
g001808,1,c0004_r0003
g001838,1,c0004_r0000
g001809,1,c0004_r0000
g001810,1,c0003_r0003
g001842,1,c0004_r0001
g001841,1,c0004_r0002
g001840,1,c0004_r0002
g001839,1,c0003_r0006
g001837,1,c0003_r0006
g001814,1,c0003_r0002
g001836,1,c0003_r0006
g001811,1,c0003_r0005
g001812,1,c0003_r0005
g001835,1,c0006_r0001
g001813,1,c0003_r0000
g001834,1,c0006_r0001
g001843,1,c0001_r0000
g000000,1,c0001_r0000
g001786,1,c0003_r0001
g001724,1,c0004_r0004
g001726,1,c0005_r0000
g001727,1,c0005_r0000
g001728,1,c0004_r0000
g001729,1,c0006_r0000
g001730,1,c0004_r0000
g001731,1,c0006_r0001
g001732,1,c0006_r0001
g001733,1,c0004_r0000
g001734,1,c0007_r0001
g001735,1,c0006_r0001
g001736,1,c0004_r0000
g001737,1,c0007_r0001
g001738,1,c0004_r0000
g001739,1,c0004_r0000
g001740,1,c0007_r0002
g001741,1,c0007_r0002
g001742,1,c0006_r0001
g001725,1,c0007_r0002
g001723,1,c0004_r0000
g001744,1,c0004_r0002
g001722,1,c0004_r0000
g001705,1,c0004_r0003
g001706,1,c0006_r0001
g001707,1,c0006_r0001
g001708,1,c0006_r0001
g001709,1,c0006_r0001
g001710,1,c0006_r0001
g001711,1,c0003_r0005
g001712,1,c0004_r0000
g001713,1,c0004_r0000
g001714,1,c0007_r0001
g001715,1,c0007_r0001
g001716,1,c0006_r0001
g001717,1,c0006_r0001
g001718,1,c0004_r0000
g001719,1,c0007_r0000
g001720,1,c0004_r0002
g001721,1,c0005_r0000
g001743,1,c0006_r0001
g001745,1,c0004_r0000
g001785,1,c0004_r0004
g001766,1,c0004_r0000
g001768,1,c0004_r0000
g001769,1,c0007_r0002
g001770,1,c0004_r0004
g001771,1,c0006_r0000
g001772,1,c0004_r0000
g001773,1,c0004_r0000
g001774,1,c0004_r0000
g001775,1,c0004_r0000
g001776,1,c0007_r0001
g001857,1,c0003_r0006
g001778,1,c0006_r0001
g001779,1,c0004_r0002
g001780,1,c0003_r0000
g001781,1,c0003_r0000
g001782,1,c0003_r0002
g001783,1,c0004_r0000
g001784,1,c0004_r0002
g001767,1,c0006_r0001
g001765,1,c0006_r0001
g001746,1,c0004_r0000
g001764,1,c0006_r0001
g001747,1,c0004_r0000
g001748,1,noise
g001749,1,c0004_r0000
g001750,1,c0004_r0000
g001751,1,c0006_r0001
g001752,1,c0006_r0001
g001753,1,c0006_r0001
g001754,1,c0006_r0001
g001755,1,c0004_r0000
g001756,1,c0007_r0002
g001757,1,c0004_r0000
g001758,1,c0007_r0001
g001759,1,c0006_r0001
g001760,1,c0006_r0001
g001761,1,c0006_r0001
g001762,1,c0006_r0001
g001763,1,c0004_r0000
g001777,1,c0006_r0001
g001867,1,c0004_r0000
g001858,1,c0004_r0002
g001975,1,c0004_r0000
g001967,1,c0004_r0000
g001968,1,c0004_r0000
g001969,1,c0004_r0000
g001970,1,c0004_r0000
g001971,1,c0007_r0002
g001972,1,c0007_r0002
g001973,1,c0004_r0000
g001974,1,c0004_r0000
g001976,1,c0007_r0002
g001986,1,c0004_r0000
g001977,1,c0007_r0002
g001978,1,c0006_r0001
g001979,1,c0004_r0000
g001980,1,c0004_r0000
g001981,1,c0007_r0002
g001982,1,c0004_r0000
g001983,1,c0004_r0000
g001984,1,c0004_r0000
g001966,1,c0004_r0000
g001965,1,c0003_r0000
g001964,1,c0007_r0001
g001963,1,c0004_r0000
g001946,1,c0003_r0002
g001947,1,c0003_r0002
g001948,1,c0004_r0000
g001949,1,c0004_r0002
g001950,1,c0004_r0000
g001951,1,c0003_r0000
g001952,1,c0004_r0000
g001953,1,c0007_r0002
g001954,1,c0006_r0001
g001955,1,c0004_r0000
g001956,1,c0004_r0000
g001957,1,c0004_r0000
g001958,1,c0003_r0002
g001959,1,c0004_r0004
g001960,1,c0006_r0001
g001961,1,c0003_r0000
g001962,1,c0004_r0001
g001985,1,c0003_r0002
g001987,1,c0003_r0006
g001944,1,c0003_r0001
g002018,1,c0007_r0001
g002010,1,c0004_r0002
g002011,1,c0004_r0000
g002012,1,c0007_r0002
g002013,1,c0005_r0000
g002014,1,c0005_r0000
g002015,1,c0003_r0005
g002016,1,c0004_r0000
g002017,1,c0007_r0001
g002019,1,c0006_r0001
g001988,1,c0004_r0000
g002020,1,c0006_r0001
g002021,1,c0007_r0002
g002022,1,c0004_r0004
g002023,1,c0004_r0000
g002024,1,noise
g002025,1,noise
g002026,1,c0005_r0000
g002027,1,c0003_r0002
g002009,1,c0003_r0000
g002008,1,c0006_r0001
g002007,1,c0007_r0002
g002006,1,c0004_r0000
g001989,1,c0007_r0002
g001990,1,c0003_r0001
g001991,1,c0004_r0000
g001992,1,c0004_r0000
g001993,1,c0003_r0004
g001994,1,c0004_r0000
g001995,1,c0004_r0000
g001996,1,c0004_r0000
g001997,1,c0004_r0000
g001998,1,c0003_r0005
g001999,1,c0004_r0000
g002000,1,c0003_r0006
g002001,1,c0004_r0000
g002002,1,c0004_r0000
g002003,1,c0006_r0001
g002004,1,c0004_r0000
g002005,1,c0004_r0000
g001945,1,c0004_r0000
g001943,1,c0005_r0000
g001859,1,c0004_r0002
g001889,1,c0004_r0000
g001881,1,c0003_r0001
g001882,1,c0003_r0001
g001883,1,c0003_r0003
g001884,1,c0003_r0001
g001885,1,c0003_r0001
g001886,1,c0004_r0000
g001887,1,c0004_r0000
g001888,1,c0007_r0001
g001890,1,c0004_r0002
g001900,1,c0004_r0000
g001891,1,c0003_r0006
g001892,1,c0004_r0000
g001893,1,c0003_r0005
g001894,1,c0004_r0000
g001895,1,c0003_r0002
g001896,1,c0004_r0000
g001897,1,c0007_r0001
g001898,1,c0006_r0001
g001880,1,c0004_r0002
g001879,1,c0004_r0004
g001878,1,c0004_r0001
g001877,1,c0004_r0001
g001860,1,c0001_r0000
g001861,1,c0004_r0002
g001862,1,c0003_r0002
g001863,1,c0003_r0005
g001864,1,c0007_r0001
g001865,1,c0007_r0002
g001866,1,c0004_r0000
g001703,1,c0004_r0000
g001868,1,c0004_r0000
g001869,1,c0004_r0000
g001870,1,c0004_r0000
g001871,1,c0004_r0000
g001872,1,c0004_r0000
g001873,1,c0004_r0000
g001874,1,c0004_r0000
g001875,1,c0004_r0000
g001876,1,c0001_r0000
g001899,1,c0003_r0005
g001901,1,c0003_r0006
g001942,1,c0004_r0000
g001932,1,c0006_r0001
g001924,1,c0003_r0005
g001925,1,c0004_r0000
g001926,1,c0007_r0001
g001927,1,c0004_r0000
g001928,1,c0004_r0000
g001929,1,c0004_r0000
g001930,1,c0004_r0000
g001931,1,c0007_r0002
g001933,1,c0004_r0000
g001902,1,c0004_r0000
g001934,1,c0003_r0005
g001935,1,c0004_r0004
g001936,1,c0001_r0000
g001937,1,c0003_r0006
g001938,1,c0004_r0000
g001939,1,c0007_r0002
g001940,1,c0006_r0001
g001941,1,c0006_r0001
g001923,1,c0004_r0000
g001922,1,c0003_r0006
g001921,1,c0003_r0005
g001920,1,c0006_r0001
g001903,1,c0004_r0000
g001904,1,c0003_r0006
g001905,1,c0004_r0000
g001906,1,c0003_r0002
g001907,1,c0007_r0001
g001908,1,c0004_r0000
g001909,1,c0004_r0000
g001910,1,c0004_r0000
g001911,1,c0004_r0002
g001912,1,c0004_r0002
g001913,1,c0004_r0002
g001914,1,c0004_r0002
g001915,1,c0004_r0000
g001916,1,c0004_r0000
g001917,1,c0007_r0002
g001918,1,c0004_r0000
g001919,1,c0007_r0002
g001704,1,c0002_r0000
g001688,1,c0003_r0006
g001702,1,c0003_r0000
g001472,1,c0004_r0000
g001474,1,c0003_r0000
g001475,1,c0007_r0001
g001476,1,c0006_r0001
g001477,1,c0006_r0001
g001478,1,c0006_r0001
g001479,1,c0006_r0001
g001480,1,c0006_r0001
g001481,1,c0004_r0000
g001482,1,c0004_r0000
g001483,1,c0004_r0000
g001484,1,c0007_r0002
g001485,1,c0004_r0000
g001486,1,c0004_r0000
g001487,1,c0006_r0001
g001488,1,c0004_r0000
g001489,1,c0004_r0000
g001490,1,c0007_r0001
g001473,1,c0004_r0000
g001471,1,c0007_r0000
g001492,1,c0005_r0000
g001470,1,c0007_r0002
g001453,1,c0007_r0002
g001454,1,c0003_r0005
g001455,1,c0004_r0000
g001456,1,c0007_r0000
g001457,1,c0004_r0000
g001458,1,c0004_r0000
g001459,1,c0004_r0000
g001460,1,c0007_r0001
g001461,1,c0005_r0000
g001462,1,c0005_r0000
g001463,1,c0004_r0004
g001464,1,c0006_r0001
g001465,1,c0007_r0000
g001466,1,c0006_r0001
g001467,1,c0004_r0000
g001468,1,c0004_r0000
g001469,1,c0007_r0001
g001491,1,c0006_r0001
g001493,1,c0007_r0001
g001451,1,c0004_r0000
g001514,1,c0004_r0002
g001516,1,c0004_r0001
g001517,1,c0004_r0001
g001518,1,c0003_r0005
g001519,1,c0004_r0004
g001520,1,c0004_r0001
g001521,1,c0004_r0001
g001522,1,c0002_r0000
g001523,1,c0004_r0001
g001524,1,c0002_r0000
g001525,1,c0002_r0000
g001526,1,c0006_r0000
g001527,1,c0006_r0000
g001528,1,c0006_r0000
g001529,1,c0006_r0000
g001530,1,c0006_r0000
g001531,1,c0006_r0000
g001532,1,c0004_r0003
g001515,1,c0004_r0002
g001513,1,c0004_r0002
g001494,1,c0006_r0001
g001512,1,c0004_r0004
g001495,1,c0006_r0001
g001496,1,c0004_r0001
g001497,1,c0003_r0005
g001498,1,c0004_r0004
g001499,1,c0001_r0000
g001500,1,c0001_r0000
g001501,1,c0001_r0000
g001502,1,c0004_r0003
g001503,1,c0004_r0003
g001504,1,c0003_r0002
g001505,1,c0004_r0003
g001506,1,c0003_r0000
g001507,1,c0004_r0002
g001508,1,c0004_r0002
g001509,1,c0004_r0002
g001510,1,c0003_r0002
g001511,1,c0003_r0000
g001452,1,c0004_r0000
g001450,1,c0003_r0005
g001701,1,c0004_r0002
g001388,1,c0002_r0000
g001390,1,c0002_r0000
g001391,1,c0004_r0000
g001392,1,c0004_r0001
g001393,1,c0004_r0000
g001394,1,c0004_r0003
g001395,1,c0004_r0000
g001396,1,c0004_r0000
g001397,1,c0004_r0000
g001398,1,c0002_r0000
g001399,1,c0003_r0006
g001400,1,c0006_r0001
g001401,1,c0003_r0001
g001402,1,c0004_r0000
g001403,1,c0004_r0000
g001404,1,c0007_r0002
g001405,1,c0007_r0002
g001406,1,c0006_r0001
g001389,1,c0002_r0000
g001387,1,c0002_r0000
g001408,1,c0003_r0006
g001386,1,c0002_r0000
g001369,1,c0004_r0000
g001370,1,c0004_r0000
g001371,1,c0004_r0000
g001372,1,c0004_r0001
g001373,1,c0004_r0001
g001374,1,c0004_r0001
g001375,1,c0004_r0004
g001376,1,c0004_r0001
g001377,1,c0004_r0000
g001378,1,c0004_r0000
g001379,1,c0004_r0000
g001380,1,c0004_r0000
g001381,1,c0004_r0002
g001382,1,c0004_r0000
g001383,1,c0004_r0002
g001384,1,c0004_r0002
g001385,1,c0001_r0000
g001407,1,c0006_r0001
g001409,1,c0003_r0005
g001449,1,c0006_r0001
g001430,1,c0006_r0001
g001432,1,c0006_r0001
g001433,1,c0006_r0001
g001434,1,c0006_r0001
g001435,1,c0003_r0005
g001436,1,c0004_r0000
g001437,1,c0007_r0002
g001438,1,c0003_r0005
g001439,1,c0004_r0000
g001440,1,c0004_r0000
g001441,1,c0007_r0002
g001442,1,c0005_r0000
g001443,1,c0003_r0005
g001444,1,c0004_r0000
g001445,1,c0003_r0006
g001446,1,c0004_r0000
g001447,1,c0007_r0002
g001448,1,c0007_r0001
g001431,1,c0006_r0001
g001429,1,c0006_r0001
g001410,1,c0004_r0000
g001428,1,c0007_r0002
g001411,1,c0007_r0002
g001412,1,c0004_r0000
g001413,1,c0007_r0000
g001414,1,c0003_r0005
g001415,1,c0003_r0001
g001416,1,c0004_r0000
g001417,1,c0004_r0001
g001418,1,c0005_r0000
g001419,1,c0005_r0000
g001420,1,c0005_r0000
g001421,1,c0005_r0000
g001422,1,c0005_r0000
g001423,1,c0006_r0001
g001424,1,c0004_r0000
g001425,1,c0007_r0001
g001426,1,c0006_r0001
g001427,1,c0004_r0000
g001533,1,c0004_r0002
g001534,1,c0007_r0000
g001535,1,c0004_r0000
g001639,1,c0007_r0000
g001641,1,c0003_r0000
g001642,1,c0003_r0000
g001643,1,c0003_r0000
g001644,1,c0004_r0000
g001645,1,c0006_r0001
g001646,1,c0004_r0000
g001647,1,c0004_r0001
g001648,1,c0004_r0001
g001649,1,c0004_r0001
g001650,1,c0003_r0000
g001651,1,c0004_r0002
g001652,1,c0004_r0004
g001653,1,c0001_r0000
g001654,1,c0003_r0006
g001655,1,c0003_r0000
g001656,1,c0003_r0002
g001657,1,c0003_r0005
g001640,1,c0004_r0000
g001638,1,c0006_r0001
g001659,1,c0003_r0002
g001637,1,nan
g001620,1,c0004_r0003
g001621,1,c0004_r0001
g001622,1,c0004_r0000
g001623,1,c0004_r0003
g001624,1,c0003_r0000
g001625,1,c0003_r0006
g001626,1,c0003_r0000
g001627,1,c0003_r0000
g001628,1,c0004_r0003
g001629,1,c0004_r0003
g001630,1,c0004_r0003
g001631,1,c0004_r0003
g001632,1,c0003_r0000
g001633,1,c0003_r0000
g001634,1,c0003_r0000
g001635,1,c0003_r0006
g001636,1,c0004_r0000
g001658,1,c0003_r0003
g001660,1,c0004_r0002
g001536,1,c0007_r0001
g001682,1,c0004_r0002
g001684,1,c0003_r0002
g001685,1,c0004_r0001
g001686,1,c0007_r0001
g001687,1,c0004_r0004
g002029,1,c0004_r0000
g001689,1,c0004_r0000
g001690,1,c0007_r0002
g001691,1,c0006_r0001
g001692,1,c0006_r0001
g001693,1,c0004_r0002
g001694,1,c0004_r0000
g001695,1,c0004_r0000
g001696,1,c0003_r0006
g001697,1,c0004_r0000
g001698,1,c0004_r0000
g001699,1,noise
g001700,1,c0004_r0002
g001683,1,c0003_r0001
g001681,1,c0003_r0003
g001661,1,c0004_r0002
g001680,1,c0003_r0006
g001662,1,c0004_r0004
g001663,1,c0004_r0004
g001664,1,c0003_r0005
g001665,1,c0004_r0002
g001666,1,c0004_r0002
g001667,1,c0004_r0002
g001669,1,c0004_r0002
g001670,1,c0004_r0002
g001671,1,c0004_r0002
g001672,1,c0001_r0000
g001673,1,c0004_r0001
g001674,1,c0002_r0000
g001675,1,c0003_r0000
g001676,1,c0003_r0000
g001677,1,c0001_r0000
g001678,1,c0004_r0002
g001679,1,c0004_r0004
g001619,1,c0003_r0000
g001618,1,c0003_r0000
g001617,1,c0004_r0004
g001556,1,c0004_r0002
g001558,1,c0004_r0001
g001559,1,c0004_r0001
g001560,1,c0002_r0000
g001561,1,c0002_r0000
g001562,1,c0006_r0000
g001563,1,c0006_r0000
g001564,1,c0006_r0000
g001565,1,c0002_r0000
g001566,1,c0004_r0001
g001567,1,c0004_r0001
g001568,1,c0002_r0000
g001569,1,c0000_r0000
g001570,1,c0000_r0000
g001571,1,c0000_r0000
g001572,1,noise
g001573,1,c0003_r0002
g001574,1,c0006_r0000
g001557,1,c0004_r0002
g001555,1,c0004_r0002
g001616,1,c0003_r0000
g001554,1,c0004_r0002
g001537,1,c0004_r0002
g001538,1,c0004_r0002
g001539,1,c0004_r0000
g001540,1,c0004_r0000
g001541,1,c0007_r0001
g001542,1,c0006_r0001
g001543,1,c0004_r0003
g001544,1,c0004_r0003
g001545,1,c0004_r0000
g001546,1,c0004_r0000
g001547,1,c0004_r0003
g001548,1,c0004_r0002
g001549,1,c0004_r0000
g001550,1,c0004_r0003
g001551,1,c0004_r0003
g001552,1,c0004_r0000
g001553,1,c0004_r0000
g001575,1,c0006_r0000
g001576,1,c0006_r0000
g001577,1,c0002_r0000
g001578,1,c0002_r0000
g001599,1,c0002_r0000
g001600,1,c0001_r0000
g001601,1,c0001_r0000
g001602,1,c0004_r0000
g001603,1,c0004_r0004
g001604,1,c0004_r0004
g001605,1,c0004_r0001
g001606,1,c0000_r0000
g001607,1,c0002_r0000
g001608,1,c0004_r0004
g001609,1,noise
g001610,1,c0004_r0000
g001611,1,c0004_r0000
g001612,1,c0004_r0004
g001613,1,c0003_r0000
g001614,1,c0004_r0004
g001615,1,c0004_r0003
g001598,1,c0004_r0003
g001597,1,c0003_r0005
g001596,1,c0004_r0000
g001586,1,c0006_r0001
g001579,1,c0004_r0001
g001580,1,c0004_r0003
g001581,1,c0004_r0001
g001582,1,c0005_r0000
g001583,1,c0004_r0002
g001584,1,c0003_r0006
g001585,1,c0005_r0000
g001587,1,c0004_r0002
g001595,1,c0004_r0001
g001588,1,c0001_r0000
g001589,1,c0004_r0003
g001590,1,c0003_r0006
g001591,1,c0001_r0000
g001592,1,c0004_r0000
g001593,1,c0001_r0000
g001594,1,c0003_r0002
g002028,1,c0004_r0000
g002045,1,c0007_r0002
g002030,1,c0004_r0000
g002467,1,c0004_r0004
g002469,1,c0004_r0001
g002470,1,c0003_r0006
g002471,1,c0003_r0006
g002472,1,c0003_r0006
g002473,1,c0003_r0006
g002474,1,c0003_r0006
g002475,1,c0003_r0004
g002476,1,c0003_r0000
g002477,1,c0004_r0004
g002478,1,c0003_r0004
g002479,1,c0003_r0006
g002480,1,c0003_r0005
g002481,1,c0003_r0003
g002482,1,c0004_r0004
g002483,1,c0003_r0004
g002484,1,c0003_r0003
g002485,1,c0003_r0002
g002468,1,c0004_r0003
g002466,1,c0003_r0002
g002487,1,c0001_r0000
g002465,1,c0003_r0002
g002448,1,c0003_r0002
g002449,1,c0003_r0003
g002450,1,c0003_r0000
g002451,1,c0003_r0001
g002452,1,c0003_r0002
g002453,1,c0007_r0001
g002454,1,c0003_r0003
g002455,1,c0001_r0000
g002456,1,c0003_r0004
g002457,1,c0003_r0006
g002458,1,c0003_r0003
g002459,1,c0003_r0002
g002460,1,c0004_r0003
g002461,1,c0003_r0002
g002462,1,c0003_r0002
g002463,1,c0003_r0005
g002464,1,c0004_r0000
g002486,1,c0003_r0000
g002488,1,c0003_r0000
g002529,1,c0003_r0003
g002509,1,c0003_r0004
g002511,1,c0003_r0004
g002512,1,c0003_r0003
g002513,1,c0003_r0004
g002514,1,c0003_r0003
g002515,1,c0003_r0000
g002516,1,c0003_r0003
g002517,1,c0003_r0003
g002518,1,c0003_r0003
g002519,1,c0003_r0002
g002520,1,c0003_r0004
g002521,1,c0003_r0005
g002522,1,c0003_r0003
g002523,1,c0004_r0000
g002524,1,c0003_r0006
g002525,1,c0003_r0001
g002526,1,c0003_r0005
g002527,1,c0003_r0005
g002510,1,c0003_r0002
g002508,1,c0004_r0004
g002489,1,c0003_r0002
g002507,1,c0003_r0003
g002490,1,c0003_r0002
g002491,1,c0003_r0000
g002492,1,c0003_r0000
g002493,1,c0003_r0002
g002494,1,c0004_r0002
g002495,1,c0004_r0000
g002496,1,c0004_r0004
g002497,1,c0004_r0000
g002498,1,c0003_r0001
g002499,1,c0004_r0000
g002500,1,c0003_r0003
g002501,1,c0003_r0003
g002502,1,c0003_r0003
g002503,1,c0003_r0003
g002504,1,c0003_r0006
g002505,1,c0003_r0003
g002506,1,c0003_r0006
g002447,1,c0003_r0000
g002446,1,c0003_r0001
g002445,1,c0003_r0003
g002384,1,c0006_r0001
g002386,1,c0005_r0000
g002387,1,c0004_r0000
g002388,1,c0004_r0000
g002389,1,c0007_r0001
g002390,1,c0004_r0000
g002391,1,c0004_r0003
g002392,1,c0007_r0001
g002393,1,c0007_r0001
g002394,1,c0004_r0000
g002395,1,c0005_r0000
g002396,1,c0006_r0001
g002397,1,c0005_r0000
g002398,1,c0005_r0000
g002399,1,c0007_r0000
g002400,1,c0007_r0000
g002401,1,c0004_r0000
g002402,1,c0007_r0001
g002385,1,c0007_r0000
g002383,1,c0006_r0001
g002444,1,c0003_r0003
g002382,1,c0006_r0001
g002365,1,c0004_r0000
g002366,1,c0004_r0000
g002367,1,c0004_r0000
g002368,1,c0007_r0001
g002369,1,c0006_r0001
g002370,1,c0004_r0000
g002371,1,c0006_r0001
g002372,1,c0006_r0001
g002373,1,c0007_r0001
g002374,1,c0004_r0000
g002375,1,c0004_r0000
g002376,1,c0007_r0002
g002377,1,c0007_r0000
g002378,1,c0004_r0000
g002379,1,c0004_r0000
g002380,1,c0007_r0001
g002381,1,c0004_r0000
g002403,1,c0007_r0001
g002404,1,c0004_r0000
g002405,1,c0004_r0000
g002406,1,c0004_r0000
g002427,1,c0003_r0006
g002428,1,c0003_r0005
g002429,1,c0003_r0002
g002430,1,c0003_r0005
g002431,1,nan
g002432,1,c0003_r0006
g002433,1,c0003_r0005
g002434,1,c0004_r0001
g002435,1,c0004_r0004
g002436,1,c0003_r0002
g002437,1,c0006_r0001
g002438,1,c0003_r0006
g002439,1,c0003_r0003
g002440,1,c0004_r0002
g002441,1,c0003_r0003
g002442,1,c0003_r0003
g002443,1,c0003_r0003
g002426,1,c0004_r0000
g002425,1,c0003_r0005
g002424,1,c0003_r0001
g002414,1,c0003_r0000
g002407,1,c0004_r0000
g002408,1,c0004_r0000
g002409,1,c0004_r0000
g002410,1,c0004_r0000
g002411,1,c0004_r0000
g002412,1,c0004_r0000
g002413,1,c0003_r0002
g002415,1,c0004_r0000
g002423,1,c0003_r0001
g002416,1,c0003_r0000
g002417,1,c0004_r0003
g002418,1,c0003_r0001
g002419,1,c0003_r0001
g002420,1,c0003_r0004
g002421,1,c0003_r0003
g002422,1,c0003_r0003
g002528,1,c0003_r0000
g002530,1,c0003_r0006
g002031,1,c0004_r0000
g002634,1,c0006_r0001
g002636,1,c0004_r0000
g002637,1,c0003_r0005
g002638,1,c0004_r0001
g002639,1,c0002_r0000
g002640,1,c0002_r0000
g002641,1,c0002_r0000
g002642,1,c0004_r0002
g002643,1,c0001_r0000
g002644,1,noise
g002645,1,noise
g002646,1,c0003_r0000
g002647,1,c0004_r0004
g002648,1,c0004_r0004
g002649,1,c0004_r0004
g002650,1,c0004_r0003
g002651,1,c0004_r0000
g002652,1,c0003_r0002
g002635,1,c0003_r0005
g002633,1,c0006_r0001
g002654,1,c0003_r0002
g002632,1,c0006_r0001
g002615,1,c0003_r0000
g002616,1,c0003_r0006
g002617,1,c0004_r0003
g002618,1,c0003_r0004
g002619,1,c0004_r0000
g002620,1,c0003_r0004
g002621,1,c0004_r0000
g002622,1,c0004_r0000
g002623,1,c0001_r0000
g002624,1,c0003_r0003
g002625,1,c0003_r0005
g002626,1,c0004_r0000
g002627,1,c0004_r0004
g002628,1,c0004_r0004
g002629,1,c0004_r0004
g002630,1,c0006_r0001
g002631,1,c0006_r0001
g002653,1,c0003_r0001
g002655,1,c0003_r0001
g002531,1,c0003_r0005
g002676,1,c0004_r0004
g002678,1,c0004_r0000
g002679,1,c0003_r0001
g002680,1,c0003_r0002
g002681,1,c0004_r0000
g002682,1,c0003_r0000
g002683,1,c0007_r0001
g002684,1,c0004_r0000
g002685,1,c0004_r0000
g002686,1,c0003_r0002
g002687,1,c0004_r0000
g002688,1,c0004_r0002
g002689,1,c0003_r0006
g002690,1,c0004_r0002
g002691,1,c0004_r0002
g002692,1,c0004_r0002
g002693,1,c0004_r0004
g002694,1,c0002_r0000
g002677,1,c0003_r0006
g002675,1,c0003_r0005
g002656,1,c0004_r0002
g002674,1,c0003_r0006
g002657,1,c0004_r0000
g002658,1,c0004_r0001
g002659,1,c0004_r0001
g002660,1,c0000_r0000
g002661,1,c0000_r0000
g002662,1,c0000_r0000
g002663,1,c0003_r0000
g002664,1,c0007_r0002
g002665,1,c0007_r0002
g002666,1,c0004_r0003
g002667,1,c0004_r0003
g002668,1,c0001_r0000
g002669,1,c0001_r0000
g002670,1,c0004_r0003
g002671,1,c0003_r0005
g002672,1,c0004_r0000
g002673,1,c0004_r0000
g002614,1,c0004_r0002
g002613,1,c0004_r0002
g002612,1,c0007_r0001
g002551,1,c0004_r0000
g002553,1,c0004_r0002
g002554,1,c0001_r0000
g002555,1,c0003_r0000
g002556,1,c0003_r0003
g002557,1,c0003_r0001
g002558,1,c0004_r0003
g002559,1,c0003_r0005
g002560,1,c0003_r0003
g002561,1,c0003_r0004
g002562,1,c0003_r0003
g002563,1,c0003_r0003
g002564,1,c0003_r0000
g002565,1,c0004_r0004
g002566,1,c0003_r0003
g002567,1,c0003_r0003
g002568,1,c0003_r0004
g002569,1,c0003_r0004
g002552,1,c0003_r0005
g002550,1,c0003_r0000
g002611,1,c0004_r0000
g002549,1,c0003_r0003
g002532,1,c0003_r0005
g002533,1,c0003_r0006
g002534,1,c0003_r0005
g002535,1,c0003_r0005
g002536,1,c0004_r0002
g002537,1,c0003_r0005
g002538,1,c0003_r0004
g002539,1,c0003_r0000
g002540,1,c0004_r0003
g002541,1,c0003_r0005
g002542,1,c0003_r0003
g002543,1,c0003_r0005
g002544,1,c0003_r0005
g002545,1,c0003_r0003
g002546,1,c0003_r0005
g002547,1,c0003_r0003
g002548,1,c0003_r0000
g002570,1,c0003_r0004
g002571,1,c0003_r0005
g002572,1,c0004_r0004
g002573,1,c0003_r0003
g002594,1,c0004_r0001
g002595,1,c0002_r0000
g002596,1,c0002_r0000
g002597,1,c0004_r0000
g002598,1,c0004_r0000
g002599,1,c0004_r0000
g002600,1,c0004_r0000
g002601,1,c0004_r0000
g002602,1,c0004_r0003
g002603,1,c0004_r0000
g002604,1,c0004_r0000
g002605,1,c0004_r0000
g002606,1,c0003_r0003
g002607,1,c0004_r0000
g002608,1,c0007_r0002
g002609,1,c0006_r0001
g002610,1,c0004_r0000
g002593,1,c0004_r0004
g002592,1,c0006_r0001
g002591,1,c0007_r0002
g002581,1,c0003_r0002
g002574,1,c0003_r0003
g002575,1,c0003_r0005
g002576,1,c0003_r0005
g002577,1,c0003_r0003
g002578,1,c0003_r0000
g002579,1,c0003_r0003
g002580,1,c0003_r0002
g002582,1,c0003_r0000
g002590,1,c0004_r0000
g002583,1,c0004_r0003
g002584,1,c0004_r0004
g002585,1,c0003_r0003
g002586,1,c0004_r0000
g002587,1,c0004_r0003
g002588,1,c0003_r0003
g002589,1,c0004_r0000
g002364,1,c0004_r0000
g002363,1,c0004_r0000
g002362,1,c0007_r0002
g002134,1,c0004_r0001
g002136,1,c0006_r0001
g002137,1,c0006_r0001
g002138,1,c0006_r0001
g002139,1,c0004_r0000
g002140,1,c0006_r0001
g002141,1,c0006_r0001
g002142,1,c0004_r0000
g002143,1,c0006_r0001
g002144,1,c0004_r0000
g002145,1,c0004_r0000
g002146,1,c0004_r0000
g002147,1,c0007_r0002
g002148,1,c0007_r0002
g002149,1,c0006_r0001
g002150,1,c0005_r0000
g002151,1,c0005_r0000
g002152,1,c0003_r0001
g002135,1,c0003_r0001
g002133,1,c0006_r0001
g002154,1,c0004_r0000
g002132,1,c0006_r0001
g002115,1,c0006_r0001
g002116,1,c0006_r0001
g002117,1,c0006_r0001
g002118,1,c0006_r0001
g002119,1,c0004_r0000
g002120,1,c0007_r0001
g002121,1,c0006_r0001
g002122,1,c0003_r0006
g002123,1,c0003_r0004
g002124,1,c0004_r0000
g002125,1,c0004_r0000
g002126,1,c0003_r0001
g002127,1,c0004_r0004
g002128,1,c0006_r0001
g002129,1,c0004_r0000
g002130,1,c0007_r0001
g002131,1,c0007_r0001
g002153,1,c0005_r0000
g002155,1,c0004_r0000
g002361,1,noise
g002176,1,c0001_r0000
g002178,1,c0007_r0002
g002179,1,c0005_r0000
g002180,1,c0005_r0000
g002181,1,c0004_r0000
g002182,1,c0005_r0000
g002183,1,c0005_r0000
g002184,1,c0005_r0000
g002185,1,c0005_r0000
g002186,1,c0007_r0001
g002187,1,c0006_r0001
g002188,1,c0004_r0000
g002189,1,c0004_r0000
g002190,1,c0004_r0000
g002191,1,c0004_r0000
g002192,1,c0003_r0002
g002193,1,c0003_r0002
g002194,1,c0004_r0000
g002177,1,c0004_r0000
g002175,1,c0004_r0000
g002156,1,c0004_r0000
g002174,1,c0004_r0000
g002157,1,c0004_r0000
g002158,1,c0004_r0000
g002159,1,c0007_r0000
g002160,1,c0004_r0000
g002161,1,c0003_r0000
g002162,1,c0007_r0000
g002163,1,c0006_r0000
g002164,1,c0004_r0000
g002165,1,c0007_r0002
g002166,1,c0005_r0000
g002167,1,c0003_r0000
g002168,1,c0004_r0000
g002169,1,c0003_r0005
g002170,1,c0003_r0006
g002171,1,c0003_r0005
g002172,1,c0003_r0006
g002173,1,c0003_r0005
g002114,1,c0007_r0002
g002113,1,c0004_r0000
g002112,1,c0003_r0000
g002051,1,c0002_r0000
g002053,1,c0004_r0000
g002054,1,c0004_r0000
g002055,1,c0007_r0001
g002056,1,c0003_r0000
g002057,1,c0004_r0000
g002058,1,c0007_r0002
g002059,1,c0003_r0004
g002060,1,c0004_r0000
g002061,1,c0004_r0004
g002062,1,c0003_r0006
g002063,1,c0003_r0001
g002064,1,c0004_r0000
g002065,1,c0004_r0000
g002066,1,c0006_r0000
g002067,1,c0004_r0000
g002068,1,c0003_r0000
g002069,1,c0004_r0000
g002052,1,c0002_r0000
g002050,1,c0006_r0001
g002111,1,c0004_r0000
g002049,1,c0003_r0005
g002032,1,c0004_r0000
g002033,1,c0007_r0002
g002034,1,c0004_r0000
g002035,1,c0004_r0000
g002036,1,c0003_r0001
g002037,1,c0006_r0001
g002038,1,c0006_r0001
g002039,1,c0006_r0001
g002040,1,c0006_r0001
g002041,1,c0003_r0006
g002042,1,c0007_r0001
g002043,1,c0004_r0000
g002044,1,c0004_r0000
g001367,1,c0002_r0000
g002046,1,c0006_r0001
g002047,1,c0006_r0001
g002048,1,c0003_r0005
g002070,1,c0007_r0002
g002071,1,c0004_r0000
g002072,1,c0003_r0006
g002073,1,c0004_r0000
g002094,1,c0003_r0006
g002095,1,c0003_r0005
g002096,1,c0004_r0000
g002097,1,c0007_r0002
g002098,1,c0004_r0000
g002099,1,c0007_r0001
g002100,1,c0007_r0001
g002101,1,c0006_r0001
g002102,1,c0006_r0001
g002103,1,c0006_r0001
g002104,1,c0003_r0006
g002105,1,c0006_r0001
g002106,1,c0006_r0001
g002107,1,c0006_r0001
g002108,1,c0006_r0001
g002109,1,c0006_r0001
g002110,1,c0006_r0001
g002093,1,c0004_r0000
g002092,1,c0007_r0001
g002091,1,c0005_r0000
g002081,1,c0006_r0001
g002074,1,c0007_r0001
g002075,1,c0007_r0001
g002076,1,c0006_r0001
g002077,1,c0006_r0001
g002078,1,c0004_r0000
g002079,1,c0004_r0000
g002080,1,c0004_r0000
g002082,1,c0004_r0000
g002090,1,c0007_r0002
g002083,1,c0006_r0001
g002084,1,c0004_r0000
g002085,1,c0004_r0000
g002086,1,c0003_r0005
g002087,1,c0004_r0000
g002088,1,c0003_r0003
g002089,1,c0004_r0000
g002195,1,noise
g002196,1,c0004_r0000
g002197,1,c0004_r0000
g002301,1,c0004_r0000
g002303,1,c0007_r0002
g002304,1,c0004_r0000
g002305,1,c0006_r0001
g002306,1,c0006_r0001
g002307,1,c0007_r0002
g002308,1,c0004_r0000
g002309,1,c0002_r0000
g002310,1,c0007_r0000
g002311,1,c0007_r0002
g002312,1,c0007_r0002
g002313,1,c0006_r0001
g002314,1,c0004_r0000
g002315,1,c0004_r0000
g002316,1,c0004_r0000
g002317,1,c0007_r0000
g002318,1,c0007_r0001
g002319,1,c0005_r0000
g002302,1,noise
g002300,1,c0004_r0000
g002280,1,c0006_r0001
g002299,1,c0004_r0000
g002282,1,c0006_r0001
g002283,1,c0004_r0000
g002284,1,c0004_r0000
g002285,1,c0004_r0000
g002286,1,c0004_r0000
g002287,1,c0004_r0000
g002288,1,c0004_r0000
g002289,1,c0004_r0000
g002290,1,c0007_r0001
g002291,1,c0007_r0001
g002292,1,c0007_r0001
g002293,1,c0006_r0001
g002294,1,c0004_r0000
g002295,1,c0007_r0000
g002296,1,c0004_r0000
g002297,1,c0004_r0000
g002298,1,c0005_r0000
g002320,1,c0004_r0000
g002321,1,c0004_r0000
g002322,1,c0004_r0000
g002323,1,c0007_r0001
g002344,1,c0006_r0001
g002345,1,c0006_r0001
g002346,1,c0006_r0001
g002347,1,c0004_r0000
g002348,1,c0004_r0000
g002349,1,c0007_r0002
g002350,1,c0006_r0001
g002351,1,c0004_r0000
g002352,1,c0007_r0002
g002353,1,c0005_r0000
g002354,1,c0005_r0000
g002355,1,c0006_r0001
g002356,1,c0005_r0000
g002357,1,c0007_r0001
g002358,1,c0007_r0001
g002359,1,c0006_r0001
g002360,1,c0006_r0001
g002343,1,c0006_r0001
g002342,1,c0006_r0001
g002341,1,c0007_r0001
g002331,1,c0007_r0002
g002324,1,c0004_r0000
g002325,1,c0004_r0000
g002326,1,c0004_r0000
g002327,1,c0006_r0001
g002328,1,c0004_r0000
g002329,1,c0006_r0001
g002330,1,c0004_r0000
g002332,1,c0004_r0000
g002340,1,c0006_r0001
g002333,1,c0004_r0000
g002334,1,c0004_r0000
g002335,1,c0006_r0001
g002336,1,c0007_r0000
g002337,1,c0007_r0001
g002338,1,c0007_r0001
g002339,1,c0007_r0001
g002281,1,c0006_r0001
g002279,1,c0006_r0001
g002198,1,c0004_r0000
g002218,1,c0004_r0000
g002220,1,c0007_r0002
g002221,1,c0005_r0000
g002222,1,c0005_r0000
g002223,1,c0005_r0000
g002224,1,c0007_r0002
g002225,1,c0004_r0000
g002226,1,c0004_r0000
g002227,1,c0006_r0001
g002228,1,c0007_r0001
g002229,1,c0004_r0000
g002230,1,c0004_r0000
g002231,1,c0007_r0001
g002232,1,c0004_r0000
g002233,1,c0004_r0000
g002234,1,c0007_r0001
g002235,1,c0005_r0000
g002236,1,c0004_r0000
g002219,1,c0004_r0000
g002217,1,c0004_r0000
g002278,1,c0006_r0001
g002216,1,c0004_r0000
g002199,1,c0007_r0002
g002200,1,c0007_r0002
g002201,1,c0004_r0000
g002202,1,c0003_r0005
g002203,1,c0007_r0001
g002204,1,c0006_r0001
g002205,1,c0006_r0001
g002206,1,c0006_r0001
g002207,1,c0004_r0000
g002208,1,c0007_r0001
g002209,1,c0004_r0000
g002210,1,c0005_r0000
g002211,1,c0007_r0002
g002212,1,c0003_r0005
g002213,1,c0003_r0005
g002214,1,c0004_r0000
g002215,1,c0003_r0004
g002237,1,c0004_r0000
g002238,1,noise
g002239,1,c0004_r0000
g002240,1,c0007_r0002
g002261,1,c0004_r0000
g002262,1,c0004_r0000
g002263,1,c0007_r0002
g002264,1,c0004_r0000
g002265,1,c0004_r0000
g002266,1,c0006_r0001
g002267,1,c0004_r0000
g002268,1,c0004_r0000
g002269,1,c0007_r0002
g002270,1,c0006_r0001
g002271,1,c0006_r0001
g002272,1,c0007_r0001
g002273,1,c0007_r0002
g002274,1,c0007_r0002
g002275,1,c0007_r0002
g002276,1,c0004_r0000
g002277,1,c0007_r0002
g002260,1,c0006_r0001
g002259,1,c0006_r0001
g002258,1,c0007_r0002
g002248,1,c0006_r0001
g002241,1,c0004_r0000
g002242,1,c0004_r0000
g002243,1,c0007_r0001
g002244,1,c0004_r0000
g002245,1,noise
g002246,1,noise
g002247,1,c0004_r0000
g002249,1,c0004_r0000
g002257,1,c0004_r0000
g002250,1,c0004_r0000
g002251,1,c0007_r0002
g002252,1,c0007_r0002
g002253,1,c0004_r0000
g002254,1,c0007_r0002
g002255,1,c0007_r0002
g002256,1,c0006_r0001
g001368,1,c0004_r0002
g001348,1,c0004_r0001
g001366,1,c0004_r0002
g000468,1,c0001_r0000
g000470,1,c0004_r0003
g000471,1,c0004_r0000
g000472,1,c0001_r0000
g000473,1,c0004_r0003
g000474,1,c0004_r0001
g000475,1,c0004_r0004
g000476,1,c0003_r0000
g000477,1,c0006_r0001
g000478,1,c0001_r0000
g000479,1,c0004_r0000
g000480,1,c0004_r0002
g000481,1,c0001_r0000
g000482,1,c0002_r0000
g000483,1,c0006_r0001
g000484,1,c0004_r0003
g000485,1,c0004_r0002
g000486,1,c0000_r0000
g000469,1,c0004_r0004
g000466,1,c0001_r0000
g000488,1,c0000_r0000
g000464,1,c0004_r0002
g000447,1,c0006_r0001
g000448,1,c0006_r0001
g000449,1,c0004_r0000
g000450,1,c0004_r0000
g000451,1,c0001_r0000
g000452,1,c0006_r0001
g000453,1,c0006_r0001
g000454,1,c0006_r0001
g000455,1,c0006_r0001
g000456,1,c0006_r0001
g000457,1,c0006_r0001
g000458,1,c0006_r0001
g000459,1,c0004_r0002
g000460,1,c0007_r0002
g000461,1,c0007_r0001
g000462,1,c0004_r0000
g000463,1,c0005_r0000
g000487,1,c0000_r0000
g000489,1,c0000_r0000
g000696,1,c0007_r0002
g000510,1,c0004_r0000
g000512,1,c0004_r0000
g000513,1,c0004_r0000
g000514,1,c0004_r0000
g000515,1,c0006_r0000
g000516,1,c0006_r0000
g000517,1,c0004_r0003
g000518,1,c0007_r0001
g000519,1,c0006_r0001
g000520,1,c0006_r0000
g000521,1,c0004_r0003
g000522,1,c0006_r0001
g000523,1,c0001_r0000
g000524,1,c0004_r0003
g000525,1,c0000_r0000
g000526,1,c0004_r0003
g000527,1,c0001_r0000
g000528,1,c0004_r0000
g000511,1,c0004_r0000
g000509,1,c0004_r0003
g000490,1,c0000_r0000
g000508,1,c0004_r0003
g000491,1,c0000_r0000
g000492,1,c0000_r0000
g000493,1,c0000_r0000
g000494,1,c0000_r0000
g000495,1,c0000_r0000
g000496,1,c0000_r0000
g000497,1,c0004_r0002
g000498,1,c0004_r0002
g000499,1,c0004_r0002
g000500,1,c0004_r0002
g000501,1,c0006_r0001
g000502,1,c0006_r0001
g000503,1,c0006_r0001
g000504,1,c0004_r0002
g000505,1,c0004_r0003
g000506,1,c0004_r0002
g000507,1,c0004_r0000
g000446,1,c0006_r0001
g000445,1,c0006_r0001
g000444,1,c0006_r0001
g000380,1,c0004_r0004
g000382,1,c0004_r0002
g000383,1,c0004_r0000
g000384,1,c0006_r0001
g000385,1,c0006_r0001
g000386,1,c0004_r0003
g000387,1,c0001_r0000
g000388,1,c0006_r0001
g000389,1,c0004_r0002
g000390,1,c0004_r0000
g000391,1,c0004_r0000
g000392,1,c0007_r0002
g000393,1,c0007_r0002
g000394,1,c0004_r0004
g000395,1,c0001_r0000
g000396,1,c0006_r0001
g000397,1,c0007_r0002
g000398,1,c0004_r0004
g000381,1,c0004_r0002
g000379,1,c0001_r0000
g000443,1,c0004_r0000
g000378,1,c0001_r0000
g000360,1,c0003_r0000
g000361,1,c0004_r0004
g000362,1,c0004_r0004
g000363,1,c0004_r0004
g000364,1,c0004_r0004
g000365,1,c0004_r0000
g000366,1,c0004_r0003
g000367,1,c0004_r0000
g000368,1,c0004_r0000
g000369,1,c0004_r0000
g000370,1,c0002_r0000
g000371,1,c0004_r0003
g000373,1,c0001_r0000
g000374,1,c0001_r0000
g000375,1,c0003_r0004
g000376,1,c0001_r0000
g000377,1,c0001_r0000
g000399,1,c0001_r0000
g000400,1,c0004_r0000
g000401,1,c0001_r0000
g000402,1,c0001_r0000
g000426,1,c0004_r0004
g000427,1,c0004_r0004
g000428,1,c0001_r0000
g000429,1,c0004_r0002
g000430,1,c0001_r0000
g000431,1,c0004_r0002
g000432,1,c0004_r0003
g000433,1,c0004_r0003
g000434,1,c0004_r0003
g000435,1,c0004_r0003
g000436,1,c0004_r0003
g000437,1,c0004_r0003
g000438,1,c0004_r0000
g000439,1,noise
g000440,1,c0004_r0002
g000441,1,c0004_r0002
g000442,1,c0004_r0003
g000424,1,c0004_r0003
g000423,1,c0004_r0003
g000422,1,c0001_r0000
g000411,1,c0002_r0000
g000403,1,c0003_r0000
g000404,1,c0003_r0000
g000405,1,c0004_r0003
g000406,1,c0004_r0003
g000407,1,c0004_r0002
g000409,1,c0004_r0000
g000410,1,c0001_r0000
g000412,1,c0002_r0000
g000421,1,c0004_r0000
g000413,1,c0002_r0000
g000414,1,c0004_r0002
g000415,1,c0004_r0004
g000416,1,c0006_r0001
g000417,1,c0004_r0004
g000418,1,c0004_r0002
g000420,1,c0004_r0003
g000529,1,c0006_r0001
g000530,1,c0006_r0001
g000531,1,c0006_r0001
g000635,1,c0003_r0005
g000637,1,c0007_r0002
g000638,1,c0007_r0002
g000639,1,c0005_r0000
g000640,1,c0005_r0000
g000641,1,c0004_r0000
g000642,1,c0007_r0001
g000643,1,c0004_r0000
g000644,1,c0007_r0002
g000645,1,c0004_r0000
g000646,1,c0004_r0002
g000647,1,c0004_r0002
g000648,1,c0006_r0001
g000649,1,c0006_r0001
g000650,1,c0007_r0001
g000651,1,c0006_r0001
g000652,1,c0004_r0002
g000653,1,c0004_r0002
g000636,1,c0004_r0000
g000634,1,c0004_r0004
g000614,1,c0006_r0001
g000633,1,c0004_r0002
g000616,1,c0006_r0001
g000617,1,c0006_r0001
g000618,1,c0006_r0001
g000619,1,c0006_r0001
g000620,1,c0006_r0001
g000621,1,c0006_r0001
g000622,1,c0007_r0002
g000623,1,c0005_r0000
g000624,1,c0005_r0000
g000625,1,c0005_r0000
g000626,1,c0006_r0001
g000627,1,c0003_r0004
g000628,1,c0004_r0000
g000629,1,c0006_r0001
g000630,1,c0006_r0001
g000631,1,c0003_r0006
g000632,1,c0005_r0000
g000654,1,c0003_r0005
g000655,1,c0004_r0000
g000656,1,c0004_r0004
g000657,1,c0004_r0000
g000678,1,c0006_r0001
g000679,1,c0006_r0001
g000680,1,c0004_r0000
g000681,1,c0004_r0002
g000682,1,c0007_r0001
g000683,1,c0004_r0000
g000684,1,c0004_r0003
g000685,1,c0007_r0002
g000686,1,c0006_r0001
g000687,1,c0007_r0002
g000688,1,c0007_r0002
g000689,1,c0004_r0002
g000690,1,c0004_r0002
g000691,1,c0004_r0000
g000692,1,c0007_r0001
g000693,1,c0004_r0000
g000694,1,c0007_r0002
g000677,1,c0004_r0000
g000676,1,c0004_r0003
g000675,1,c0004_r0002
g000665,1,c0004_r0000
g000658,1,c0004_r0002
g000659,1,c0003_r0000
g000660,1,c0004_r0002
g000661,1,c0007_r0001
g000662,1,c0007_r0001
g000663,1,c0004_r0000
g000664,1,c0006_r0001
g000666,1,c0007_r0001
g000674,1,noise
g000667,1,c0004_r0000
g000668,1,c0007_r0000
g000669,1,c0004_r0000
g000670,1,c0004_r0003
g000671,1,c0004_r0003
g000672,1,c0004_r0000
g000673,1,c0004_r0000
g000615,1,c0006_r0001
g000613,1,c0006_r0001
g000532,1,c0006_r0001
g000552,1,c0005_r0000
g000554,1,c0004_r0000
g000555,1,c0005_r0000
g000556,1,c0004_r0002
g000557,1,c0004_r0002
g000558,1,c0005_r0000
g000559,1,c0005_r0000
g000560,1,noise
g000561,1,c0004_r0003
g000562,1,c0007_r0002
g000563,1,c0004_r0000
g000564,1,c0004_r0000
g000565,1,c0006_r0001
g000566,1,c0004_r0000
g000567,1,c0007_r0002
g000568,1,c0006_r0001
g000569,1,c0004_r0000
g000570,1,c0006_r0001
g000553,1,c0003_r0006
g000551,1,c0004_r0002
g000612,1,c0006_r0001
g000550,1,c0004_r0000
g000533,1,c0006_r0001
g000534,1,c0004_r0003
g000535,1,c0004_r0000
g000536,1,c0004_r0000
g000537,1,c0004_r0003
g000538,1,c0004_r0000
g000539,1,c0003_r0000
g000540,1,noise
g000541,1,c0006_r0001
g000542,1,c0004_r0003
g000543,1,c0006_r0001
g000544,1,c0006_r0001
g000545,1,c0004_r0000
g000546,1,c0003_r0006
g000547,1,c0004_r0002
g000548,1,c0004_r0003
g000549,1,c0006_r0001
g000571,1,c0006_r0001
g000572,1,c0006_r0001
g000573,1,c0006_r0001
g000574,1,c0004_r0003
g000595,1,c0005_r0000
g000596,1,c0005_r0000
g000597,1,c0005_r0000
g000598,1,c0005_r0000
g000599,1,c0005_r0000
g000600,1,c0005_r0000
g000601,1,c0005_r0000
g000602,1,c0004_r0002
g000603,1,noise
g000604,1,c0004_r0003
g000605,1,c0004_r0000
g000606,1,c0003_r0005
g000607,1,c0004_r0000
g000608,1,c0007_r0002
g000609,1,c0007_r0000
g000610,1,c0004_r0000
g000611,1,c0006_r0001
g000594,1,c0005_r0000
g000593,1,c0005_r0000
g000592,1,c0007_r0002
g000582,1,c0004_r0002
g000575,1,c0004_r0003
g000576,1,c0005_r0000
g000577,1,c0006_r0000
g000578,1,c0005_r0000
g000579,1,c0004_r0000
g000580,1,c0007_r0002
g000581,1,c0004_r0002
g000583,1,c0004_r0002
g000591,1,c0006_r0001
g000584,1,c0004_r0000
g000585,1,c0004_r0000
g000586,1,c0007_r0002
g000587,1,c0007_r0002
g000588,1,c0006_r0001
g000589,1,c0006_r0001
g000590,1,c0006_r0001
g000359,1,c0006_r0001
g000358,1,c0004_r0000
g000357,1,c0004_r0000
g000119,1,c0003_r0005
g000122,1,c0003_r0000
g000123,1,c0004_r0003
g000124,1,c0001_r0000
g000125,1,c0004_r0002
g000127,1,c0003_r0006
g000128,1,c0004_r0003
g000129,1,c0004_r0003
g000130,1,c0004_r0003
g000131,1,c0004_r0003
g000132,1,c0004_r0003
g000133,1,c0004_r0000
g000134,1,c0003_r0001
g000135,1,c0003_r0001
g000136,1,c0004_r0004
g000137,1,c0003_r0001
g000138,1,c0004_r0003
g000139,1,c0004_r0004
g000121,1,c0004_r0003
g000118,1,c0003_r0000
g000093,1,c0004_r0003
g000117,1,c0001_r0000
g000096,1,c0004_r0003
g000097,1,c0004_r0003
g000098,1,c0004_r0003
g000099,1,c0004_r0003
g000100,1,c0004_r0003
g000101,1,c0004_r0003
g000102,1,c0004_r0003
g000104,1,c0003_r0001
g000105,1,c0001_r0000
g000106,1,c0004_r0003
g000107,1,c0004_r0003
g000108,1,c0004_r0004
g000109,1,c0004_r0004
g000110,1,c0004_r0004
g000111,1,c0004_r0003
g000112,1,c0003_r0004
g000114,1,c0004_r0004
g000140,1,c0006_r0001
g000143,1,c0004_r0003
g000144,1,c0004_r0003
g000145,1,c0004_r0002
g000166,1,c0004_r0003
g000167,1,c0006_r0001
g000168,1,c0006_r0001
g000169,1,c0006_r0001
g000170,1,c0006_r0001
g000171,1,c0004_r0002
g000172,1,c0004_r0002
g000173,1,c0006_r0001
g000174,1,c0006_r0001
g000175,1,c0006_r0001
g000176,1,c0006_r0001
g000177,1,c0004_r0003
g000178,1,c0004_r0000
g000179,1,c0002_r0000
g000180,1,c0002_r0000
g000181,1,c0004_r0003
g000182,1,c0004_r0003
g000165,1,c0004_r0003
g000164,1,c0001_r0000
g000163,1,c0004_r0004
g000153,1,c0003_r0000
g000146,1,c0004_r0001
g000147,1,c0004_r0003
g000148,1,c0004_r0004
g000149,1,c0001_r0000
g000150,1,c0004_r0003
g000151,1,c0004_r0003
g000152,1,c0004_r0004
g000154,1,c0003_r0000
g000162,1,c0004_r0000
g000155,1,c0004_r0003
g000156,1,c0004_r0002
g000157,1,c0004_r0004
g000158,1,c0003_r0005
g000159,1,c0004_r0004
g000160,1,c0004_r0000
g000161,1,c0007_r0001
g000095,1,c0004_r0003
g000092,1,c0004_r0003
g000184,1,c0004_r0004
g000021,1,c0004_r0001
g000023,1,c0004_r0001
g000024,1,c0004_r0001
g000025,1,c0004_r0001
g000026,1,c0004_r0001
g000027,1,c0004_r0001
g000028,1,c0004_r0001
g000029,1,c0004_r0001
g000030,1,c0004_r0001
g000031,1,c0003_r0000
g000032,1,c0004_r0004
g000034,1,c0004_r0003
g000035,1,c0004_r0003
g000036,1,c0004_r0000
g000037,1,c0004_r0003
g000038,1,c0004_r0000
g000039,1,c0004_r0002
g000041,1,c0004_r0004
g000022,1,c0004_r0001
g000020,1,c0004_r0001
g000091,1,c0004_r0003
g000019,1,c0004_r0001
g000002,1,c0004_r0001
g000003,1,c0004_r0001
g000004,1,c0004_r0001
g000005,1,c0004_r0001
g000006,1,c0004_r0001
g000007,1,c0004_r0001
g000008,1,c0004_r0004
g000009,1,c0004_r0001
g000010,1,c0004_r0001
g000011,1,c0004_r0001
g000012,1,c0004_r0001
g000013,1,c0004_r0001
g000014,1,c0004_r0001
g000015,1,c0004_r0001
g000016,1,c0004_r0001
g000017,1,c0004_r0001
g000018,1,c0004_r0001
g000042,1,c0004_r0003
g000043,1,c0004_r0001
g000045,1,c0004_r0002
g000046,1,c0004_r0000
g000071,1,c0004_r0003
g000072,1,c0004_r0003
g000074,1,c0004_r0003
g000075,1,c0004_r0004
g000076,1,c0004_r0003
g000077,1,c0004_r0003
g000078,1,c0004_r0003
g000080,1,c0003_r0000
g000081,1,c0004_r0003
g000082,1,c0004_r0003
g000084,1,c0004_r0003
g000085,1,c0004_r0003
g000086,1,c0004_r0003
g000087,1,c0004_r0003
g000088,1,c0004_r0003
g000089,1,c0004_r0001
g000090,1,c0004_r0002
g000070,1,c0004_r0002
g000069,1,c0004_r0000
g000068,1,c0004_r0004
g000055,1,c0004_r0002
g000047,1,c0004_r0003
g000048,1,c0004_r0003
g000049,1,c0004_r0000
g000050,1,c0004_r0003
g000051,1,c0004_r0003
g000052,1,c0004_r0003
g000053,1,c0001_r0000
g000056,1,c0003_r0000
g000067,1,c0004_r0004
g000057,1,c0004_r0003
g000058,1,c0004_r0003
g000060,1,c0003_r0006
g000061,1,c0004_r0003
g000063,1,c0004_r0003
g000064,1,c0004_r0004
g000066,1,c0004_r0004
g000183,1,c0004_r0003
g000185,1,c0004_r0002
g000356,1,c0004_r0000
g000292,1,c0007_r0002
g000294,1,c0004_r0004
g000295,1,c0004_r0004
g000296,1,c0004_r0004
g000297,1,c0004_r0003
g000298,1,c0004_r0003
g000300,1,c0001_r0000
g000301,1,c0004_r0003
g000302,1,c0004_r0004
g000303,1,c0006_r0001
g000304,1,c0006_r0001
g000305,1,c0006_r0001
g000306,1,c0004_r0001
g000307,1,c0006_r0001
g000308,1,c0004_r0000
g000309,1,c0007_r0002
g000310,1,c0006_r0001
g000311,1,c0003_r0000
g000293,1,c0006_r0001
g000291,1,c0007_r0002
g000271,1,c0004_r0003
g000290,1,c0004_r0000
g000273,1,c0003_r0000
g000274,1,c0004_r0003
g000275,1,c0004_r0000
g000276,1,c0003_r0001
g000277,1,c0004_r0004
g000278,1,c0001_r0000
g000279,1,c0001_r0000
g000280,1,c0004_r0003
g000281,1,c0004_r0001
g000282,1,c0004_r0001
g000283,1,c0004_r0004
g000284,1,c0004_r0004
g000285,1,c0001_r0000
g000286,1,c0001_r0000
g000287,1,c0004_r0003
g000288,1,c0004_r0000
g000289,1,c0007_r0002
g000312,1,c0004_r0001
g000313,1,c0004_r0002
g000314,1,c0006_r0001
g000315,1,c0004_r0002
g000336,1,c0007_r0002
g000337,1,c0006_r0001
g000338,1,c0006_r0001
g000340,1,c0004_r0003
g000341,1,c0004_r0004
g000342,1,c0001_r0000
g000344,1,c0001_r0000
g000346,1,c0004_r0002
g000347,1,c0003_r0006
g000348,1,c0004_r0000
g000349,1,c0004_r0000
g000350,1,c0004_r0000
g000351,1,c0004_r0000
g000352,1,c0004_r0000
g000353,1,c0004_r0003
g000354,1,c0004_r0000
g000355,1,c0004_r0000
g000335,1,c0004_r0000
g000334,1,c0004_r0000
g000333,1,c0004_r0000
g000323,1,c0004_r0004
g000316,1,c0004_r0000
g000317,1,c0007_r0001
g000318,1,c0006_r0001
g000319,1,c0006_r0001
g000320,1,c0006_r0001
g000321,1,c0004_r0004
g000322,1,c0007_r0001
g000324,1,c0007_r0002
g000332,1,c0006_r0001
g000325,1,c0006_r0001
g000326,1,c0001_r0000
g000327,1,c0001_r0000
g000328,1,c0001_r0000
g000329,1,c0004_r0003
g000330,1,c0004_r0003
g000331,1,c0006_r0001
g000272,1,c0003_r0005
g000270,1,c0004_r0002
g000186,1,c0004_r0003
g000207,1,c0004_r0004
g000209,1,c0004_r0000
g000210,1,c0004_r0003
g000211,1,c0004_r0002
g000212,1,c0004_r0003
g000213,1,c0004_r0003
g000214,1,c0004_r0003
g000215,1,c0004_r0003
g000216,1,c0003_r0000
g000217,1,c0004_r0003
g000218,1,c0003_r0006
g000219,1,c0002_r0000
g000220,1,c0002_r0000
g000221,1,c0002_r0000
g000222,1,c0004_r0003
g000223,1,c0004_r0003
g000224,1,c0004_r0002
g000225,1,c0004_r0002
g000208,1,c0004_r0004
g000206,1,c0004_r0004
g000268,1,c0004_r0003
g000205,1,c0004_r0003
g000187,1,c0004_r0001
g000188,1,c0004_r0004
g000189,1,c0004_r0004
g000190,1,c0004_r0004
g000191,1,c0004_r0003
g000192,1,c0004_r0000
g000193,1,c0001_r0000
g000195,1,c0001_r0000
g000196,1,c0003_r0002
g000197,1,c0004_r0003
g000198,1,c0004_r0003
g000199,1,c0004_r0002
g000200,1,c0004_r0000
g000201,1,c0004_r0004
g000202,1,c0004_r0004
g000203,1,c0004_r0002
g000204,1,c0002_r0000
g000226,1,c0004_r0004
g000227,1,c0006_r0001
g000228,1,c0004_r0003
g000229,1,c0004_r0003
g000251,1,c0002_r0000
g000252,1,c0004_r0003
g000253,1,c0004_r0003
g000254,1,c0004_r0003
g000255,1,c0004_r0003
g000256,1,c0004_r0003
g000257,1,c0004_r0004
g000258,1,c0004_r0000
g000259,1,c0002_r0000
g000260,1,c0004_r0000
g000261,1,c0002_r0000
g000262,1,c0004_r0003
g000263,1,c0004_r0003
g000264,1,c0005_r0000
g000265,1,c0004_r0003
g000266,1,c0006_r0001
g000267,1,c0004_r0003
g000250,1,c0004_r0004
g000249,1,c0004_r0004
g000248,1,c0004_r0004
g000237,1,c0004_r0004
g000230,1,c0004_r0003
g000231,1,c0004_r0004
g000232,1,c0006_r0001
g000233,1,c0006_r0001
g000234,1,c0006_r0001
g000235,1,c0006_r0001
g000236,1,c0004_r0004
g000239,1,c0004_r0000
g000247,1,c0004_r0004
g000240,1,c0004_r0000
g000241,1,c0006_r0001
g000242,1,c0006_r0001
g000243,1,c0006_r0001
g000244,1,c0004_r0004
g000245,1,c0004_r0002
g000246,1,c0004_r0002
g000695,1,c0004_r0000
g000697,1,c0004_r0003
g001365,1,c0004_r0002
g001137,1,c0006_r0001
g001139,1,c0004_r0000
g001140,1,c0007_r0000
g001141,1,c0006_r0001
g001142,1,c0007_r0002
g001143,1,noise
g001144,1,c0004_r0004
g001145,1,c0007_r0002
g001146,1,c0004_r0004
g001147,1,c0006_r0001
g001148,1,c0006_r0001
g001149,1,c0006_r0001
g001150,1,c0004_r0004
g001151,1,c0003_r0003
g001152,1,c0004_r0000
g001153,1,c0007_r0000
g001154,1,c0004_r0004
g001155,1,c0007_r0000
g001138,1,c0006_r0001
g001136,1,c0006_r0001
g001157,1,c0006_r0001
g001135,1,c0006_r0001
g001118,1,c0004_r0000
g001119,1,c0004_r0002
g001120,1,c0003_r0006
g001121,1,c0004_r0004
g001122,1,c0004_r0004
g001123,1,c0003_r0002
g001124,1,c0004_r0003
g001125,1,c0002_r0000
g001126,1,c0002_r0000
g001127,1,c0004_r0003
g001128,1,c0004_r0004
g001129,1,c0004_r0002
g001130,1,c0004_r0002
g001131,1,c0004_r0002
g001132,1,c0004_r0004
g001133,1,c0004_r0000
g001134,1,c0006_r0001
g001156,1,c0006_r0001
g001158,1,c0001_r0000
g000698,1,c0004_r0000
g001179,1,c0003_r0006
g001181,1,c0003_r0006
g001182,1,c0004_r0001
g001183,1,c0004_r0000
g001184,1,c0004_r0000
g001185,1,c0003_r0000
g001186,1,c0004_r0003
g001187,1,c0003_r0003
g001188,1,c0004_r0004
g001189,1,c0001_r0000
g001190,1,c0000_r0000
g001191,1,c0000_r0000
g001192,1,c0000_r0000
g001193,1,c0000_r0000
g001194,1,c0003_r0000
g001195,1,c0004_r0000
g001196,1,c0004_r0004
g001197,1,c0004_r0003
g001180,1,c0004_r0003
g001178,1,c0004_r0003
g001159,1,c0001_r0000
g001177,1,c0004_r0000
g001160,1,c0004_r0001
g001161,1,c0004_r0003
g001162,1,c0001_r0000
g001163,1,c0004_r0002
g001164,1,c0004_r0002
g001165,1,c0004_r0001
g001166,1,c0002_r0000
g001167,1,c0002_r0000
g001168,1,c0004_r0000
g001169,1,c0000_r0000
g001170,1,c0001_r0000
g001171,1,c0004_r0003
g001172,1,c0004_r0001
g001173,1,c0004_r0001
g001174,1,c0004_r0000
g001175,1,c0004_r0000
g001176,1,c0004_r0000
g001117,1,c0004_r0004
g001116,1,c0003_r0002
g001115,1,c0004_r0002
g001053,1,c0004_r0000
g001055,1,c0004_r0002
g001056,1,c0006_r0001
g001057,1,c0004_r0002
g001058,1,c0007_r0002
g001059,1,c0004_r0000
g001060,1,c0003_r0001
g001061,1,c0004_r0002
g001062,1,c0004_r0000
g001063,1,c0004_r0000
g001064,1,c0007_r0001
g001065,1,c0006_r0001
g001066,1,c0004_r0000
g001067,1,c0006_r0001
g001068,1,c0004_r0000
g001069,1,c0004_r0000
g001070,1,c0004_r0000
g001071,1,c0004_r0000
g001054,1,c0004_r0003
g001052,1,c0006_r0000
g001114,1,c0003_r0005
g001051,1,c0004_r0000
g001034,1,c0004_r0003
g001035,1,c0004_r0003
g001036,1,c0004_r0003
g001037,1,c0004_r0003
g001038,1,c0004_r0000
g001039,1,c0004_r0000
g001040,1,c0004_r0000
g001041,1,c0004_r0000
g001042,1,c0004_r0000
g001043,1,c0006_r0001
g001044,1,c0006_r0001
g001045,1,c0004_r0000
g001046,1,c0004_r0002
g001047,1,c0004_r0000
g001048,1,c0004_r0000
g001049,1,c0004_r0002
g001050,1,c0004_r0000
g001072,1,c0004_r0000
g001073,1,c0004_r0000
g001074,1,c0007_r0002
g001075,1,c0004_r0000
g001097,1,c0004_r0004
g001098,1,c0004_r0004
g001099,1,c0004_r0004
g001100,1,c0003_r0000
g001101,1,c0003_r0000
g001102,1,c0004_r0004
g001103,1,c0004_r0003
g001104,1,c0004_r0003
g001105,1,c0004_r0002
g001106,1,c0004_r0004
g001107,1,c0003_r0005
g001108,1,c0003_r0002
g001109,1,c0001_r0000
g001110,1,c0004_r0004
g001111,1,c0003_r0006
g001112,1,c0003_r0002
g001113,1,c0003_r0005
g001096,1,c0004_r0004
g001095,1,c0004_r0004
g001094,1,c0004_r0004
g001084,1,c0003_r0002
g001076,1,c0006_r0001
g001077,1,c0004_r0004
g001078,1,c0004_r0002
g001079,1,c0004_r0004
g001080,1,c0004_r0000
g001081,1,c0004_r0004
g001083,1,c0004_r0000
g001085,1,c0003_r0004
g001093,1,c0004_r0004
g001086,1,c0001_r0000
g001087,1,c0004_r0004
g001088,1,c0004_r0004
g001089,1,c0004_r0003
g001090,1,c0004_r0002
g001091,1,c0004_r0003
g001092,1,c0004_r0004
g001198,1,c0004_r0003
g001199,1,c0004_r0003
g001200,1,c0006_r0001
g001305,1,c0007_r0000
g001307,1,c0004_r0003
g001308,1,c0004_r0000
g001309,1,c0004_r0000
g001310,1,c0007_r0000
g001311,1,c0004_r0002
g001312,1,c0004_r0000
g001313,1,c0004_r0000
g001314,1,c0004_r0000
g001315,1,c0004_r0000
g001316,1,c0007_r0001
g001317,1,c0004_r0002
g001318,1,c0007_r0002
g001319,1,c0004_r0000
g001320,1,c0004_r0000
g001321,1,c0004_r0000
g001322,1,c0004_r0001
g001323,1,c0004_r0000
g001306,1,c0004_r0000
g001304,1,c0004_r0000
g001284,1,c0004_r0002
g001303,1,c0004_r0002
g001286,1,c0004_r0000
g001287,1,c0003_r0000
g001288,1,c0004_r0000
g001289,1,c0003_r0004
g001290,1,c0004_r0002
g001291,1,c0004_r0002
g001292,1,c0004_r0000
g001293,1,c0004_r0000
g001294,1,c0004_r0000
g001295,1,c0007_r0000
g001296,1,c0007_r0002
g001297,1,c0007_r0000
g001298,1,c0003_r0006
g001299,1,c0004_r0000
g001300,1,c0004_r0000
g001301,1,c0004_r0000
g001302,1,c0004_r0000
g001324,1,c0004_r0000
g001325,1,c0004_r0000
g001326,1,c0001_r0000
g001327,1,c0004_r0004
g000001,1,c0004_r0004
g001349,1,c0002_r0000
g001350,1,c0004_r0001
g001351,1,c0004_r0000
g001352,1,c0004_r0001
g001353,1,c0002_r0000
g001354,1,c0002_r0000
g001355,1,c0002_r0000
g001356,1,c0002_r0000
g001357,1,c0004_r0001
g001358,1,c0002_r0000
g001359,1,c0003_r0004
g001360,1,c0003_r0000
g001361,1,c0003_r0002
g001362,1,c0003_r0002
g001363,1,c0004_r0000
g001364,1,c0004_r0001
g001347,1,c0004_r0001
g001346,1,c0004_r0003
g001345,1,c0004_r0002
g001335,1,c0004_r0002
g001328,1,c0003_r0004
g001329,1,c0004_r0002
g001330,1,c0003_r0005
g001331,1,c0003_r0005
g001332,1,c0004_r0004
g001333,1,c0001_r0000
g001334,1,c0003_r0002
g001336,1,c0004_r0004
g001344,1,c0004_r0003
g001337,1,c0004_r0000
g001338,1,c0004_r0000
g001339,1,c0001_r0000
g001340,1,c0004_r0000
g001341,1,c0004_r0003
g001342,1,c0004_r0000
g001343,1,c0004_r0000
g001285,1,c0004_r0002
g001283,1,c0004_r0002
g001201,1,c0006_r0001
g001221,1,c0004_r0001
g001223,1,c0004_r0001
g001224,1,c0004_r0003
g001225,1,c0004_r0003
g001226,1,c0007_r0000
g001227,1,c0004_r0004
g001228,1,c0004_r0000
g001229,1,c0004_r0003
g001230,1,c0004_r0002
g001231,1,c0001_r0000
g001232,1,c0004_r0004
g001233,1,c0004_r0001
g001234,1,c0002_r0000
g001235,1,c0004_r0001
g001236,1,c0004_r0003
g001237,1,c0004_r0003
g001238,1,c0004_r0003
g001239,1,c0006_r0001
g001222,1,c0004_r0000
g001220,1,c0004_r0001
g001282,1,c0004_r0004
g001219,1,c0004_r0000
g001202,1,c0004_r0003
g001203,1,c0001_r0000
g001204,1,c0002_r0000
g001205,1,c0001_r0000
g001206,1,c0003_r0002
g001207,1,c0004_r0003
g001208,1,c0004_r0003
g001209,1,c0004_r0000
g001210,1,c0004_r0003
g001211,1,c0003_r0006
g001212,1,c0004_r0000
g001213,1,c0004_r0000
g001214,1,c0003_r0000
g001215,1,c0002_r0000
g001216,1,c0004_r0004
g001217,1,c0003_r0002
g001218,1,c0003_r0005
g001240,1,c0006_r0001
g001241,1,c0006_r0001
g001242,1,c0006_r0001
g001243,1,c0006_r0001
g001264,1,c0004_r0001
g001265,1,c0004_r0002
g001266,1,c0001_r0000
g001267,1,c0006_r0001
g001268,1,c0001_r0000
g001269,1,c0004_r0004
g001271,1,c0004_r0002
g001272,1,c0004_r0003
g001273,1,c0004_r0003
g001274,1,c0006_r0001
g001275,1,c0006_r0001
g001276,1,c0005_r0000
g001277,1,c0004_r0003
g001278,1,c0004_r0002
g001279,1,c0007_r0002
g001280,1,c0002_r0000
g001281,1,c0004_r0000
g001263,1,c0004_r0002
g001262,1,c0004_r0001
g001261,1,c0004_r0003
g001251,1,c0004_r0004
g001244,1,c0006_r0001
g001245,1,c0004_r0000
g001246,1,c0001_r0000
g001247,1,c0004_r0000
g001248,1,c0004_r0002
g001249,1,c0002_r0000
g001250,1,c0001_r0000
g001252,1,c0004_r0002
g001260,1,c0004_r0000
g001253,1,c0004_r0002
g001254,1,c0004_r0000
g001255,1,c0007_r0001
g001256,1,c0004_r0000
g001257,1,c0004_r0003
g001258,1,c0004_r0002
g001259,1,c0004_r0000
g001033,1,c0004_r0004
g001032,1,c0004_r0000
g001031,1,c0001_r0000
g000801,1,c0003_r0004
g000803,1,c0003_r0002
g000804,1,c0003_r0003
g000805,1,c0004_r0004
g000806,1,c0003_r0000
g000807,1,c0004_r0004
g000808,1,c0004_r0003
g000809,1,c0001_r0000
g000810,1,c0004_r0002
g000811,1,c0001_r0000
g000812,1,c0004_r0000
g000813,1,c0003_r0006
g000814,1,c0004_r0002
g000815,1,c0004_r0004
g000816,1,c0004_r0004
g000817,1,c0001_r0000
g000818,1,c0004_r0003
g000819,1,c0004_r0003
g000802,1,c0003_r0003
g000800,1,c0003_r0000
g000780,1,c0003_r0003
g000799,1,c0004_r0003
g000782,1,c0004_r0004
g000783,1,c0004_r0004
g000784,1,c0004_r0003
g000785,1,c0004_r0004
g000786,1,c0004_r0004
g000787,1,c0004_r0003
g000788,1,c0003_r0001
g000789,1,c0004_r0003
g000790,1,c0004_r0002
g000791,1,c0003_r0000
g000792,1,c0004_r0004
g000793,1,c0003_r0000
g000794,1,c0004_r0003
g000795,1,c0003_r0006
g000796,1,c0004_r0004
g000797,1,c0004_r0003
g000798,1,c0004_r0003
g000820,1,c0003_r0000
g000821,1,c0004_r0001
g000822,1,c0004_r0001
g000823,1,c0002_r0000
g000844,1,c0004_r0004
g000845,1,c0004_r0002
g000846,1,c0004_r0002
g000847,1,c0004_r0001
g000848,1,c0000_r0000
g000849,1,c0000_r0000
g000850,1,c0000_r0000
g000851,1,c0000_r0000
g000852,1,c0000_r0000
g000853,1,c0000_r0000
g000854,1,c0000_r0000
g000855,1,c0000_r0000
g000856,1,c0000_r0000
g000857,1,c0000_r0000
g000858,1,c0000_r0000
g000859,1,c0000_r0000
g000860,1,c0000_r0000
g000843,1,c0004_r0000
g000842,1,c0003_r0001
g000841,1,c0001_r0000
g000831,1,c0004_r0004
g000824,1,c0002_r0000
g000825,1,c0002_r0000
g000826,1,c0003_r0005
g000827,1,c0004_r0000
g000828,1,c0004_r0002
g000829,1,c0004_r0001
g000830,1,c0004_r0000
g000832,1,c0004_r0000
g000840,1,c0004_r0003
g000833,1,c0004_r0000
g000834,1,c0002_r0000
g000835,1,c0007_r0001
g000836,1,c0004_r0000
g000837,1,c0004_r0003
g000838,1,c0003_r0005
g000839,1,c0001_r0000
g000781,1,c0003_r0005
g000779,1,c0004_r0003
g000862,1,c0000_r0000
g000718,1,c0007_r0002
g000720,1,c0006_r0001
g000721,1,c0003_r0000
g000722,1,c0004_r0000
g000723,1,c0004_r0003
g000724,1,c0004_r0002
g000725,1,c0003_r0005
g000726,1,c0003_r0000
g000727,1,c0004_r0002
g000728,1,c0004_r0002
g000729,1,c0001_r0000
g000730,1,c0004_r0002
g000731,1,c0004_r0001
g000732,1,c0004_r0001
g000733,1,c0004_r0003
g000734,1,c0004_r0004
g000735,1,c0001_r0000
g000736,1,c0004_r0004
g000719,1,c0007_r0001
g000717,1,c0004_r0002
g000778,1,c0003_r0002
g000716,1,c0004_r0000
g000699,1,c0004_r0000
g000700,1,c0007_r0002
g000701,1,c0004_r0001
g000702,1,c0005_r0000
g000703,1,c0007_r0001
g000704,1,c0004_r0000
g000705,1,c0005_r0000
g000706,1,c0005_r0000
g000707,1,c0004_r0002
g000708,1,c0006_r0001
g000709,1,c0004_r0000
g000710,1,c0004_r0000
g000711,1,c0007_r0001
g000712,1,c0004_r0002
g000713,1,c0004_r0002
g000714,1,c0004_r0002
g000715,1,c0007_r0001
g000737,1,c0004_r0000
g000738,1,c0004_r0002
g000739,1,c0004_r0001
g000740,1,c0004_r0002
g000761,1,c0003_r0002
g000762,1,c0003_r0006
g000763,1,c0004_r0003
g000764,1,c0004_r0003
g000765,1,c0003_r0006
g000766,1,c0004_r0000
g000767,1,c0004_r0000
g000768,1,c0003_r0005
g000769,1,c0003_r0005
g000770,1,c0003_r0000
g000771,1,c0003_r0000
g000772,1,c0003_r0000
g000773,1,c0004_r0000
g000774,1,c0003_r0006
g000775,1,c0001_r0000
g000776,1,c0004_r0004
g000777,1,c0005_r0000
g000760,1,c0003_r0006
g000759,1,c0003_r0005
g000758,1,c0004_r0002
g000748,1,c0004_r0001
g000741,1,c0003_r0000
g000742,1,c0003_r0000
g000743,1,c0004_r0003
g000744,1,c0003_r0000
g000745,1,c0003_r0003
g000746,1,c0004_r0002
g000747,1,c0003_r0003
g000749,1,c0004_r0001
g000757,1,c0004_r0000
g000750,1,c0003_r0001
g000751,1,c0003_r0000
g000752,1,c0003_r0003
g000753,1,c0001_r0000
g000754,1,c0001_r0000
g000755,1,c0001_r0000
g000756,1,c0003_r0001
g000861,1,c0000_r0000
g000863,1,c0000_r0000
g001030,1,c0004_r0000
g000969,1,c0003_r0004
g000971,1,c0004_r0002
g000972,1,c0004_r0002
g000973,1,c0006_r0000
g000974,1,c0004_r0002
g000975,1,c0004_r0000
g000976,1,c0004_r0002
g000977,1,c0004_r0002
g000978,1,c0006_r0001
g000979,1,c0004_r0002
g000980,1,c0004_r0002
g000981,1,c0004_r0000
g000982,1,noise
g000983,1,c0004_r0000
g000984,1,c0004_r0004
g000985,1,c0004_r0000
g000986,1,c0004_r0000
g000987,1,c0004_r0001
g000970,1,c0004_r0004
g000968,1,c0004_r0000
g000948,1,c0004_r0003
g000967,1,c0004_r0000
g000950,1,c0004_r0000
g000951,1,c0004_r0000
g000952,1,c0004_r0000
g000953,1,c0004_r0000
g000954,1,c0004_r0000
g000955,1,c0004_r0000
g000956,1,c0006_r0001
g000957,1,c0006_r0001
g000958,1,c0006_r0001
g000959,1,c0006_r0001
g000960,1,c0006_r0001
g000961,1,c0006_r0001
g000962,1,c0006_r0001
g000963,1,c0003_r0002
g000964,1,c0004_r0002
g000965,1,c0004_r0002
g000966,1,c0004_r0003
g000988,1,c0004_r0002
g000989,1,c0004_r0002
g000990,1,c0004_r0000
g000991,1,c0007_r0002
g001012,1,c0004_r0000
g001013,1,c0007_r0002
g001014,1,c0007_r0000
g001015,1,c0004_r0000
g001017,1,c0003_r0000
g001018,1,c0004_r0000
g001019,1,c0007_r0001
g001020,1,c0006_r0001
g001021,1,c0006_r0001
g001022,1,c0006_r0001
g001023,1,c0006_r0001
g001024,1,c0006_r0001
g001025,1,c0006_r0001
g001026,1,c0006_r0001
g001027,1,c0006_r0001
g001028,1,c0004_r0000
g001029,1,c0001_r0000
g001011,1,c0004_r0000
g001010,1,c0007_r0002
g001009,1,c0004_r0000
g000999,1,c0006_r0001
g000992,1,c0006_r0001
g000993,1,c0003_r0001
g000994,1,c0004_r0000
g000995,1,c0004_r0004
g000996,1,c0007_r0002
g000997,1,c0006_r0001
g000998,1,c0006_r0001
g001000,1,c0004_r0000
g001008,1,c0004_r0000
g001001,1,noise
g001002,1,c0006_r0001
g001003,1,c0004_r0000
g001004,1,c0004_r0003
g001005,1,c0003_r0006
g001006,1,c0004_r0002
g001007,1,c0004_r0002
g000949,1,c0003_r0005
g000947,1,c0001_r0000
g000865,1,c0000_r0000
g000885,1,c0000_r0000
g000887,1,c0000_r0000
g000888,1,c0000_r0000
g000889,1,c0000_r0000
g000890,1,c0000_r0000
g000891,1,c0000_r0000
g000892,1,c0000_r0000
g000893,1,c0000_r0000
g000894,1,c0000_r0000
g000895,1,c0000_r0000
g000896,1,noise
g000897,1,noise
g000898,1,noise
g000899,1,noise
g000900,1,noise
g000901,1,noise
g000902,1,noise
g000903,1,noise
g000886,1,c0000_r0000
g000884,1,c0000_r0000
g000946,1,c0004_r0002
g000883,1,c0000_r0000
g000866,1,c0000_r0000
g000867,1,c0000_r0000
g000868,1,c0000_r0000
g000869,1,c0000_r0000
g000870,1,c0000_r0000
g000871,1,c0000_r0000
g000872,1,c0000_r0000
g000873,1,c0000_r0000
g000874,1,c0000_r0000
g000875,1,c0000_r0000
g000876,1,c0000_r0000
g000877,1,c0000_r0000
g000878,1,c0000_r0000
g000879,1,c0000_r0000
g000880,1,c0000_r0000
g000881,1,c0000_r0000
g000882,1,c0000_r0000
g000904,1,noise
g000905,1,noise
g000906,1,noise
g000907,1,c0004_r0004
g000929,1,noise
g000930,1,c0003_r0005
g000931,1,c0004_r0002
g000932,1,c0004_r0001
g000933,1,c0002_r0000
g000934,1,c0004_r0002
g000935,1,c0004_r0000
g000936,1,c0004_r0000
g000937,1,c0004_r0002
g000938,1,c0004_r0000
g000939,1,c0004_r0000
g000940,1,c0004_r0003
g000941,1,c0003_r0001
g000942,1,c0004_r0002
g000943,1,c0003_r0000
g000944,1,c0004_r0001
g000945,1,c0004_r0002
g000928,1,c0006_r0001
g000927,1,c0006_r0001
g000926,1,c0006_r0001
g000915,1,c0006_r0001
g000908,1,c0004_r0002
g000909,1,c0003_r0000
g000910,1,c0003_r0003
g000911,1,c0004_r0003
g000912,1,c0003_r0005
g000913,1,c0006_r0001
g000914,1,c0006_r0001
g000916,1,c0003_r0005
g000925,1,c0004_r0002
g000917,1,c0004_r0003
g000918,1,c0004_r0000
g000920,1,c0001_r0000
g000921,1,c0004_r0002
g000922,1,c0004_r0002
g000923,1,c0003_r0000
g000924,1,c0006_r0001
g002695,1,c0002_r0000
